Row ID,Date,Fills,Latitude,Longitude
1,2014/01/03,0,-37.802,145.042
2,2014/01/04,3,-37.802,145.042
3,2014/01/05,1,-37.802,145.042
4,2014/01/06,3,-37.802,145.042
5,2014/01/07,3,-37.802,145.042
6,2014/01/09,2,-37.802,145.042
7,2014/01/10,3,-37.802,145.042
8,2014/01/11,1,-37.802,145.042
9,2014/01/13,1,-37.802,145.042
10,2014/01/14,1,-37.802,145.042
11,2014/01/15,2,-37.802,145.042
12,2014/01/16,1,-37.802,145.042
13,2014/01/18,0,-37.802,145.042
14,2014/01/19,2,-37.802,145.042
15,2014/01/20,0,-37.802,145.042
16,2014/01/21,3,-37.802,145.042
17,2014/01/23,3,-37.802,145.042
18,2014/01/26,0,-37.802,145.042
19,2014/01/27,2,-37.802,145.042
20,2014/01/28,1,-37.802,145.042
21,2014/01/30,3,-37.802,145.042
22,2014/01/31,0,-37.802,145.042
23,2014/02/01,3,-37.802,145.042
24,2014/02/02,0,-37.802,145.042
25,2014/02/03,1,-37.802,145.042
26,2014/02/04,1,-37.802,145.042
27,2014/02/06,1,-37.802,145.042
28,2014/02/07,1,-37.802,145.042
29,2014/02/08,3,-37.802,145.042
30,2014/02/11,0,-37.802,145.042
31,2014/02/12,1,-37.802,145.042
32,2014/02/14,0,-37.802,145.042
33,2014/02/15,2,-37.802,145.042
34,2014/02/16,1,-37.802,145.042
35,2014/02/17,3,-37.802,145.042
36,2014/02/18,2,-37.802,145.042
37,2014/02/20,2,-37.802,145.042
38,2014/02/21,3,-37.802,145.042
39,2014/02/22,3,-37.802,145.042
40,2014/02/23,3,-37.802,145.042
41,2014/02/24,1,-37.802,145.042
42,2014/02/27,0,-37.802,145.042
43,2014/03/01,1,-37.802,145.042
44,2014/03/02,0,-37.802,145.042
45,2014/03/03,1,-37.802,145.042
46,2014/03/04,3,-37.802,145.042
47,2014/03/05,2,-37.802,145.042
48,2014/03/07,0,-37.802,145.042
49,2014/03/10,2,-37.802,145.042
50,2014/03/11,0,-37.802,145.042
51,2014/03/14,3,-37.802,145.042
52,2014/03/15,2,-37.802,145.042
53,2014/03/16,0,-37.802,145.042
54,2014/03/17,1,-37.802,145.042
55,2014/03/18,1,-37.802,145.042
56,2014/03/19,1,-37.802,145.042
57,2014/03/21,0,-37.802,145.042
58,2014/03/22,2,-37.802,145.042
59,2014/03/23,1,-37.802,145.042
60,2014/03/24,2,-37.802,145.042
61,2014/03/25,2,-37.802,145.042
62,2014/03/26,2,-37.802,145.042
63,2014/03/28,3,-37.802,145.042
64,2014/03/29,3,-37.802,145.042
65,2014/03/30,3,-37.802,145.042
66,2014/03/31,3,-37.802,145.042
67,2014/04/01,2,-37.802,145.042
68,2014/04/02,3,-37.802,145.042
69,2014/04/03,0,-37.802,145.042
70,2014/04/04,3,-37.802,145.042
71,2014/04/05,3,-37.802,145.042
72,2014/04/06,3,-37.802,145.042
73,2014/04/07,3,-37.802,145.042
74,2014/04/08,0,-37.802,145.042
75,2014/04/11,3,-37.802,145.042
76,2014/04/12,3,-37.802,145.042
77,2014/04/13,2,-37.802,145.042
78,2014/04/15,3,-37.802,145.042
79,2014/04/16,0,-37.802,145.042
80,2014/04/18,2,-37.802,145.042
81,2014/04/19,2,-37.802,145.042
82,2014/04/20,2,-37.802,145.042
83,2014/04/21,2,-37.802,145.042
84,2014/04/22,1,-37.802,145.042
85,2014/04/23,0,-37.802,145.042
86,2014/04/25,3,-37.802,145.042
87,2014/04/26,3,-37.802,145.042
88,2014/04/28,2,-37.802,145.042
89,2014/04/29,0,-37.802,145.042
90,2014/04/30,3,-37.802,145.042
91,2014/05/02,2,-37.802,145.042
92,2014/05/03,3,-37.802,145.042
93,2014/05/04,2,-37.802,145.042
94,2014/05/05,3,-37.802,145.042
95,2014/05/06,0,-37.802,145.042
96,2014/05/07,0,-37.802,145.042
97,2014/05/08,3,-37.802,145.042
98,2014/05/09,3,-37.802,145.042
99,2014/05/10,1,-37.802,145.042
100,2014/05/11,2,-37.802,145.042
101,2014/05/12,1,-37.802,145.042
102,2014/05/13,0,-37.802,145.042
103,2014/05/14,2,-37.802,145.042
104,2014/05/16,0,-37.802,145.042
105,2014/05/17,2,-37.802,145.042
106,2014/05/18,2,-37.802,145.042
107,2014/05/19,2,-37.802,145.042
108,2014/05/20,2,-37.802,145.042
109,2014/05/21,2,-37.802,145.042
110,2014/05/22,2,-37.802,145.042
111,2014/05/23,1,-37.802,145.042
112,2014/05/24,1,-37.802,145.042
113,2014/05/25,2,-37.802,145.042
114,2014/05/26,3,-37.802,145.042
115,2014/05/27,1,-37.802,145.042
116,2014/05/28,3,-37.802,145.042
117,2014/05/30,1,-37.802,145.042
118,2014/05/31,3,-37.802,145.042
119,2014/06/01,3,-37.802,145.042
120,2014/06/02,3,-37.802,145.042
121,2014/06/03,0,-37.802,145.042
122,2014/06/04,0,-37.802,145.042
123,2014/06/06,0,-37.802,145.042
124,2014/06/07,0,-37.802,145.042
125,2014/06/08,3,-37.802,145.042
126,2014/06/09,2,-37.802,145.042
127,2014/06/10,3,-37.802,145.042
128,2014/06/13,0,-37.802,145.042
129,2014/06/14,3,-37.802,145.042
130,2014/06/15,2,-37.802,145.042
131,2014/06/16,3,-37.802,145.042
132,2014/06/17,1,-37.802,145.042
133,2014/06/18,1,-37.802,145.042
134,2014/06/20,0,-37.802,145.042
135,2014/06/21,2,-37.802,145.042
136,2014/06/22,2,-37.802,145.042
137,2014/06/23,1,-37.802,145.042
138,2014/06/24,2,-37.802,145.042
139,2014/06/25,1,-37.802,145.042
140,2014/06/27,1,-37.802,145.042
141,2014/06/28,2,-37.802,145.042
142,2014/06/29,2,-37.802,145.042
143,2014/06/30,1,-37.802,145.042
144,2014/07/01,2,-37.802,145.042
145,2014/07/02,2,-37.802,145.042
146,2014/07/04,1,-37.802,145.042
147,2014/07/05,2,-37.802,145.042
148,2014/07/06,0,-37.802,145.042
149,2014/07/07,2,-37.802,145.042
150,2014/07/08,0,-37.802,145.042
151,2014/07/09,3,-37.802,145.042
152,2014/07/11,1,-37.802,145.042
153,2014/07/12,2,-37.802,145.042
154,2014/07/13,0,-37.802,145.042
155,2014/07/14,0,-37.802,145.042
156,2014/07/15,0,-37.802,145.042
157,2014/07/18,1,-37.802,145.042
158,2014/07/19,0,-37.802,145.042
159,2014/07/20,1,-37.802,145.042
160,2014/07/21,0,-37.802,145.042
161,2014/07/22,2,-37.802,145.042
162,2014/07/23,2,-37.802,145.042
163,2014/07/25,2,-37.802,145.042
164,2014/07/26,2,-37.802,145.042
165,2014/07/27,3,-37.802,145.042
166,2014/07/28,1,-37.802,145.042
167,2014/07/30,0,-37.802,145.042
168,2014/08/01,2,-37.802,145.042
169,2014/08/02,2,-37.802,145.042
170,2014/08/03,1,-37.802,145.042
171,2014/08/04,2,-37.802,145.042
172,2014/08/05,2,-37.802,145.042
173,2014/08/06,1,-37.802,145.042
174,2014/08/08,1,-37.802,145.042
175,2014/08/09,0,-37.802,145.042
176,2014/08/11,2,-37.802,145.042
177,2014/08/12,3,-37.802,145.042
178,2014/08/15,2,-37.802,145.042
179,2014/08/16,1,-37.802,145.042
180,2014/08/17,3,-37.802,145.042
181,2014/08/19,1,-37.802,145.042
182,2014/08/20,2,-37.802,145.042
183,2014/08/22,2,-37.802,145.042
184,2014/08/23,0,-37.802,145.042
185,2014/08/24,3,-37.802,145.042
186,2014/08/25,2,-37.802,145.042
187,2014/08/26,3,-37.802,145.042
188,2014/08/27,3,-37.802,145.042
189,2014/08/29,0,-37.802,145.042
190,2014/08/30,0,-37.802,145.042
191,2014/08/31,1,-37.802,145.042
192,2014/09/01,2,-37.802,145.042
193,2014/09/02,2,-37.802,145.042
194,2014/09/03,2,-37.802,145.042
195,2014/09/05,0,-37.802,145.042
196,2014/09/06,3,-37.802,145.042
197,2014/09/07,1,-37.802,145.042
198,2014/09/08,2,-37.802,145.042
199,2014/09/09,1,-37.802,145.042
200,2014/09/10,3,-37.802,145.042
201,2014/09/11,0,-37.802,145.042
202,2014/09/12,0,-37.802,145.042
203,2014/09/13,0,-37.802,145.042
204,2014/09/14,1,-37.802,145.042
205,2014/09/15,2,-37.802,145.042
206,2014/09/16,0,-37.802,145.042
207,2014/09/17,2,-37.802,145.042
208,2014/09/19,0,-37.802,145.042
209,2014/09/20,2,-37.802,145.042
210,2014/09/21,0,-37.802,145.042
211,2014/09/22,3,-37.802,145.042
212,2014/09/23,0,-37.802,145.042
213,2014/09/24,0,-37.802,145.042
214,2014/09/25,0,-37.802,145.042
215,2014/09/26,3,-37.802,145.042
216,2014/09/27,0,-37.802,145.042
217,2014/09/28,2,-37.802,145.042
218,2014/09/29,3,-37.802,145.042
219,2014/09/30,2,-37.802,145.042
220,2014/10/01,3,-37.802,145.042
221,2014/10/02,0,-37.802,145.042
222,2014/10/03,0,-37.802,145.042
223,2014/10/04,2,-37.802,145.042
224,2014/10/05,1,-37.802,145.042
225,2014/10/06,3,-37.802,145.042
226,2014/10/07,3,-37.802,145.042
227,2014/10/08,2,-37.802,145.042
228,2014/10/09,2,-37.802,145.042
229,2014/10/10,2,-37.802,145.042
230,2014/10/11,3,-37.802,145.042
231,2014/10/12,1,-37.802,145.042
232,2014/10/13,0,-37.802,145.042
233,2014/10/14,1,-37.802,145.042
234,2014/10/15,1,-37.802,145.042
235,2014/10/16,2,-37.802,145.042
236,2014/10/17,2,-37.802,145.042
237,2014/10/18,1,-37.802,145.042
238,2014/10/19,0,-37.802,145.042
239,2014/10/20,2,-37.802,145.042
240,2014/10/21,1,-37.802,145.042
241,2014/10/22,0,-37.802,145.042
242,2014/10/24,2,-37.802,145.042
243,2014/10/25,2,-37.802,145.042
244,2014/10/26,2,-37.802,145.042
245,2014/10/27,2,-37.802,145.042
246,2014/10/28,3,-37.802,145.042
247,2014/10/29,3,-37.802,145.042
248,2014/10/31,1,-37.802,145.042
249,2014/11/01,2,-37.802,145.042
250,2014/11/02,0,-37.802,145.042
251,2014/11/03,0,-37.802,145.042
252,2014/11/04,3,-37.802,145.042
253,2014/11/05,0,-37.802,145.042
254,2014/11/06,3,-37.802,145.042
255,2014/11/07,0,-37.802,145.042
256,2014/11/08,2,-37.802,145.042
257,2014/11/09,1,-37.802,145.042
258,2014/11/10,0,-37.802,145.042
259,2014/11/11,2,-37.802,145.042
260,2014/11/12,3,-37.802,145.042
261,2014/11/14,3,-37.802,145.042
262,2014/11/15,3,-37.802,145.042
263,2014/11/16,2,-37.802,145.042
264,2014/11/17,1,-37.802,145.042
265,2014/11/18,1,-37.802,145.042
266,2014/11/19,2,-37.802,145.042
267,2014/11/20,3,-37.802,145.042
268,2014/11/21,0,-37.802,145.042
269,2014/11/22,3,-37.802,145.042
270,2014/11/23,0,-37.802,145.042
271,2014/11/24,2,-37.802,145.042
272,2014/11/25,0,-37.802,145.042
273,2014/11/26,0,-37.802,145.042
274,2014/11/27,2,-37.802,145.042
275,2014/11/28,1,-37.802,145.042
276,2014/11/29,3,-37.802,145.042
277,2014/11/30,3,-37.802,145.042
278,2014/12/01,1,-37.802,145.042
279,2014/12/02,3,-37.802,145.042
280,2014/12/03,3,-37.802,145.042
281,2014/12/04,0,-37.802,145.042
282,2014/12/05,0,-37.802,145.042
283,2014/12/06,2,-37.802,145.042
284,2014/12/07,1,-37.802,145.042
285,2014/12/08,0,-37.802,145.042
286,2014/12/09,2,-37.802,145.042
287,2014/12/10,3,-37.802,145.042
288,2014/12/12,3,-37.802,145.042
289,2014/12/13,0,-37.802,145.042
290,2014/12/14,0,-37.802,145.042
291,2014/12/15,1,-37.802,145.042
292,2014/12/16,0,-37.802,145.042
293,2014/12/17,2,-37.802,145.042
294,2014/12/19,0,-37.802,145.042
295,2014/12/20,2,-37.802,145.042
296,2014/12/21,3,-37.802,145.042
297,2014/12/22,3,-37.802,145.042
298,2014/12/23,1,-37.802,145.042
299,2014/12/24,2,-37.802,145.042
300,2014/12/26,2,-37.802,145.042
301,2014/12/27,2,-37.802,145.042
302,2014/12/28,2,-37.802,145.042
303,2014/12/29,0,-37.802,145.042
304,2014/12/30,0,-37.802,145.042
305,2014/12/31,2,-37.802,145.042
306,2015/01/02,3,-37.802,145.042
307,2015/01/03,1,-37.802,145.042
308,2015/01/04,0,-37.802,145.042
309,2015/01/05,3,-37.802,145.042
310,2015/01/06,3,-37.802,145.042
311,2015/01/09,2,-37.802,145.042
312,2015/01/10,1,-37.802,145.042
313,2015/01/12,1,-37.802,145.042
314,2015/01/13,3,-37.802,145.042
315,2015/01/17,0,-37.802,145.042
316,2015/01/19,3,-37.802,145.042
317,2015/01/23,1,-37.802,145.042
318,2015/01/24,1,-37.802,145.042
319,2015/01/26,0,-37.802,145.042
320,2015/01/27,3,-37.802,145.042
321,2015/01/28,2,-37.802,145.042
322,2015/01/30,2,-37.802,145.042
323,2015/01/31,1,-37.802,145.042
324,2015/02/03,1,-37.802,145.042
325,2015/02/06,1,-37.802,145.042
326,2015/02/07,0,-37.802,145.042
327,2015/02/08,3,-37.802,145.042
328,2015/02/09,0,-37.802,145.042
329,2015/02/10,0,-37.802,145.042
330,2015/02/14,0,-37.802,145.042
331,2015/02/15,3,-37.802,145.042
332,2015/02/16,1,-37.802,145.042
333,2015/02/18,3,-37.802,145.042
334,2015/02/20,3,-37.802,145.042
335,2015/02/21,1,-37.802,145.042
336,2015/02/22,3,-37.802,145.042
337,2015/02/23,3,-37.802,145.042
338,2015/02/25,2,-37.802,145.042
339,2015/02/27,1,-37.802,145.042
340,2015/02/28,2,-37.802,145.042
341,2015/03/01,0,-37.802,145.042
342,2015/03/02,1,-37.802,145.042
343,2015/03/05,3,-37.802,145.042
344,2015/03/06,2,-37.802,145.042
345,2015/03/07,3,-37.802,145.042
346,2015/03/08,3,-37.802,145.042
347,2015/03/09,0,-37.802,145.042
348,2015/03/10,3,-37.802,145.042
349,2015/03/12,0,-37.802,145.042
350,2015/03/13,0,-37.802,145.042
351,2015/03/14,0,-37.802,145.042
352,2015/03/15,2,-37.802,145.042
353,2015/03/16,0,-37.802,145.042
354,2015/03/17,3,-37.802,145.042
355,2015/03/19,1,-37.802,145.042
356,2015/03/20,0,-37.802,145.042
357,2015/03/21,2,-37.802,145.042
358,2015/03/22,1,-37.802,145.042
359,2015/03/23,1,-37.802,145.042
360,2015/03/24,0,-37.802,145.042
361,2015/03/26,3,-37.802,145.042
362,2015/03/27,2,-37.802,145.042
363,2015/03/28,3,-37.802,145.042
364,2015/03/29,2,-37.802,145.042
365,2015/03/30,3,-37.802,145.042
366,2015/03/31,3,-37.802,145.042
367,2015/04/02,3,-37.802,145.042
368,2015/04/04,2,-37.802,145.042
369,2015/04/05,1,-37.802,145.042
370,2015/04/06,2,-37.802,145.042
371,2015/04/07,0,-37.802,145.042
372,2015/04/09,2,-37.802,145.042
373,2015/04/10,2,-37.802,145.042
374,2015/04/11,2,-37.802,145.042
375,2015/04/12,1,-37.802,145.042
376,2015/04/13,3,-37.802,145.042
377,2015/04/14,1,-37.802,145.042
378,2015/04/16,2,-37.802,145.042
379,2015/04/17,1,-37.802,145.042
380,2015/04/18,0,-37.802,145.042
381,2015/04/19,3,-37.802,145.042
382,2015/04/20,1,-37.802,145.042
383,2015/04/21,2,-37.802,145.042
384,2015/04/22,0,-37.802,145.042
385,2015/04/24,0,-37.802,145.042
386,2015/04/25,2,-37.802,145.042
387,2015/04/26,1,-37.802,145.042
388,2015/04/27,2,-37.802,145.042
389,2015/04/28,1,-37.802,145.042
390,2015/04/29,2,-37.802,145.042
391,2015/04/30,1,-37.802,145.042
392,2015/05/01,2,-37.802,145.042
393,2015/05/02,3,-37.802,145.042
394,2015/05/03,0,-37.802,145.042
395,2015/05/04,1,-37.802,145.042
396,2015/05/07,2,-37.802,145.042
397,2015/05/08,1,-37.802,145.042
398,2015/05/09,2,-37.802,145.042
399,2015/05/10,0,-37.802,145.042
400,2015/05/11,0,-37.802,145.042
401,2015/05/12,0,-37.802,145.042
402,2015/05/13,0,-37.802,145.042
403,2015/05/14,1,-37.802,145.042
404,2015/05/15,0,-37.802,145.042
405,2015/05/16,0,-37.802,145.042
406,2015/05/17,3,-37.802,145.042
407,2015/05/18,0,-37.802,145.042
408,2015/05/20,1,-37.802,145.042
409,2015/05/21,1,-37.802,145.042
410,2015/05/22,3,-37.802,145.042
411,2015/05/23,0,-37.802,145.042
412,2015/05/24,0,-37.802,145.042
413,2015/05/25,0,-37.802,145.042
414,2015/05/26,3,-37.802,145.042
415,2015/05/28,1,-37.802,145.042
416,2015/05/29,2,-37.802,145.042
417,2015/05/30,3,-37.802,145.042
418,2015/05/31,0,-37.802,145.042
419,2015/06/01,3,-37.802,145.042
420,2015/06/04,3,-37.802,145.042
421,2015/06/05,2,-37.802,145.042
422,2015/06/07,3,-37.802,145.042
423,2015/06/08,1,-37.802,145.042
424,2015/06/09,3,-37.802,145.042
425,2015/06/11,0,-37.802,145.042
426,2015/06/12,0,-37.802,145.042
427,2015/06/13,0,-37.802,145.042
428,2015/06/14,3,-37.802,145.042
429,2015/06/15,1,-37.802,145.042
430,2015/06/16,2,-37.802,145.042
431,2015/06/18,0,-37.802,145.042
432,2015/06/19,3,-37.802,145.042
433,2015/06/20,0,-37.802,145.042
434,2015/06/21,1,-37.802,145.042
435,2015/06/22,3,-37.802,145.042
436,2015/06/23,3,-37.802,145.042
437,2015/06/25,1,-37.802,145.042
438,2015/06/26,3,-37.802,145.042
439,2015/06/28,2,-37.802,145.042
440,2015/06/29,0,-37.802,145.042
441,2015/07/02,3,-37.802,145.042
442,2015/07/03,0,-37.802,145.042
443,2015/07/04,1,-37.802,145.042
444,2015/07/05,0,-37.802,145.042
445,2015/07/06,3,-37.802,145.042
446,2015/07/08,3,-37.802,145.042
447,2015/07/09,2,-37.802,145.042
448,2015/07/10,0,-37.802,145.042
449,2015/07/11,3,-37.802,145.042
450,2015/07/12,1,-37.802,145.042
451,2015/07/13,3,-37.802,145.042
452,2015/07/14,3,-37.802,145.042
453,2015/07/16,0,-37.802,145.042
454,2015/07/17,1,-37.802,145.042
455,2015/07/18,0,-37.802,145.042
456,2015/07/19,1,-37.802,145.042
457,2015/07/20,1,-37.802,145.042
458,2015/07/23,3,-37.802,145.042
459,2015/07/24,2,-37.802,145.042
460,2015/07/25,2,-37.802,145.042
461,2015/07/26,0,-37.802,145.042
462,2015/07/27,0,-37.802,145.042
463,2015/07/30,0,-37.802,145.042
464,2015/07/31,3,-37.802,145.042
465,2015/08/01,3,-37.802,145.042
466,2015/08/02,1,-37.802,145.042
467,2015/08/05,0,-37.802,145.042
468,2015/08/06,1,-37.802,145.042
469,2015/08/07,0,-37.802,145.042
470,2015/08/08,1,-37.802,145.042
471,2015/08/09,1,-37.802,145.042
472,2015/08/10,3,-37.802,145.042
473,2015/08/11,3,-37.802,145.042
474,2015/08/13,0,-37.802,145.042
475,2015/08/15,3,-37.802,145.042
476,2015/08/16,3,-37.802,145.042
477,2015/08/17,0,-37.802,145.042
478,2015/08/21,3,-37.802,145.042
479,2015/08/22,0,-37.802,145.042
480,2015/08/23,0,-37.802,145.042
481,2015/08/24,0,-37.802,145.042
482,2015/08/25,0,-37.802,145.042
483,2015/08/27,0,-37.802,145.042
484,2015/08/28,0,-37.802,145.042
485,2015/08/29,1,-37.802,145.042
486,2015/08/31,3,-37.802,145.042
487,2015/09/01,2,-37.802,145.042
488,2015/09/03,3,-37.802,145.042
489,2015/09/04,2,-37.802,145.042
490,2015/09/05,2,-37.802,145.042
491,2015/09/06,0,-37.802,145.042
492,2015/09/07,0,-37.802,145.042
493,2015/09/08,3,-37.802,145.042
494,2015/09/10,0,-37.802,145.042
495,2015/09/11,0,-37.802,145.042
496,2015/09/12,3,-37.802,145.042
497,2015/09/13,0,-37.802,145.042
498,2015/09/14,2,-37.802,145.042
499,2015/09/15,2,-37.802,145.042
500,2015/09/16,0,-37.802,145.042
501,2015/09/17,1,-37.802,145.042
502,2015/09/18,2,-37.802,145.042
503,2015/09/19,3,-37.802,145.042
504,2015/09/20,1,-37.802,145.042
505,2015/09/21,3,-37.802,145.042
506,2015/09/22,2,-37.802,145.042
507,2015/09/24,1,-37.802,145.042
508,2015/09/25,3,-37.802,145.042
509,2015/09/26,2,-37.802,145.042
510,2015/09/27,3,-37.802,145.042
511,2015/09/28,0,-37.802,145.042
512,2015/10/01,3,-37.802,145.042
513,2015/10/02,1,-37.802,145.042
514,2015/10/03,3,-37.802,145.042
515,2015/10/04,1,-37.802,145.042
516,2015/10/05,1,-37.802,145.042
517,2015/10/08,0,-37.802,145.042
518,2015/10/09,2,-37.802,145.042
519,2015/10/10,2,-37.802,145.042
520,2015/10/11,2,-37.802,145.042
521,2015/10/12,1,-37.802,145.042
522,2015/10/13,1,-37.802,145.042
523,2015/10/15,2,-37.802,145.042
524,2015/10/16,2,-37.802,145.042
525,2015/10/17,2,-37.802,145.042
526,2015/10/18,1,-37.802,145.042
527,2015/10/19,0,-37.802,145.042
528,2015/10/20,2,-37.802,145.042
529,2015/10/22,2,-37.802,145.042
530,2015/10/23,1,-37.802,145.042
531,2015/10/24,2,-37.802,145.042
532,2015/10/25,2,-37.802,145.042
533,2015/10/26,3,-37.802,145.042
534,2015/10/28,1,-37.802,145.042
535,2015/10/29,0,-37.802,145.042
536,2015/10/30,3,-37.802,145.042
537,2015/10/31,0,-37.802,145.042
538,2015/11/01,1,-37.802,145.042
539,2015/11/02,0,-37.802,145.042
540,2015/11/03,0,-37.802,145.042
541,2015/11/05,1,-37.802,145.042
542,2015/11/06,2,-37.802,145.042
543,2015/11/07,0,-37.802,145.042
544,2015/11/08,1,-37.802,145.042
545,2015/11/09,3,-37.802,145.042
546,2015/11/10,2,-37.802,145.042
547,2015/11/11,1,-37.802,145.042
548,2015/11/12,2,-37.802,145.042
549,2015/11/13,0,-37.802,145.042
550,2015/11/14,3,-37.802,145.042
551,2015/11/15,3,-37.802,145.042
552,2015/11/16,3,-37.802,145.042
553,2015/11/17,2,-37.802,145.042
554,2015/11/19,0,-37.802,145.042
555,2015/11/20,1,-37.802,145.042
556,2015/11/21,0,-37.802,145.042
557,2015/11/22,2,-37.802,145.042
558,2015/11/23,2,-37.802,145.042
559,2015/11/24,0,-37.802,145.042
560,2015/11/25,0,-37.802,145.042
561,2015/11/26,0,-37.802,145.042
562,2015/11/27,1,-37.802,145.042
563,2015/11/28,2,-37.802,145.042
564,2015/11/29,2,-37.802,145.042
565,2015/11/30,2,-37.802,145.042
566,2015/12/01,0,-37.802,145.042
567,2015/12/03,2,-37.802,145.042
568,2015/12/04,0,-37.802,145.042
569,2015/12/05,3,-37.802,145.042
570,2015/12/06,0,-37.802,145.042
571,2015/12/07,1,-37.802,145.042
572,2015/12/08,0,-37.802,145.042
573,2015/12/09,1,-37.802,145.042
574,2015/12/10,1,-37.802,145.042
575,2015/12/11,1,-37.802,145.042
576,2015/12/12,3,-37.802,145.042
577,2015/12/13,1,-37.802,145.042
578,2015/12/14,0,-37.802,145.042
579,2015/12/15,3,-37.802,145.042
580,2015/12/16,2,-37.802,145.042
581,2015/12/17,0,-37.802,145.042
582,2015/12/18,1,-37.802,145.042
583,2015/12/19,2,-37.802,145.042
584,2015/12/20,2,-37.802,145.042
585,2015/12/21,0,-37.802,145.042
586,2015/12/22,3,-37.802,145.042
587,2015/12/23,1,-37.802,145.042
588,2015/12/24,3,-37.802,145.042
589,2015/12/25,2,-37.802,145.042
590,2015/12/26,1,-37.802,145.042
591,2015/12/27,0,-37.802,145.042
592,2015/12/28,3,-37.802,145.042
593,2015/12/29,2,-37.802,145.042
594,2015/12/30,3,-37.802,145.042
595,2015/12/31,0,-37.802,145.042
596,2016/01/02,1,-37.802,145.042
597,2016/01/03,2,-37.802,145.042
598,2016/01/04,2,-37.802,145.042
599,2016/01/05,2,-37.802,145.042
600,2016/01/07,2,-37.802,145.042
601,2016/01/08,1,-37.802,145.042
602,2016/01/09,2,-37.802,145.042
603,2016/01/10,0,-37.802,145.042
604,2016/01/11,2,-37.802,145.042
605,2016/01/14,3,-37.802,145.042
606,2016/01/15,1,-37.802,145.042
607,2016/01/16,1,-37.802,145.042
608,2016/01/17,0,-37.802,145.042
609,2016/01/21,3,-37.802,145.042
610,2016/01/22,3,-37.802,145.042
611,2016/01/23,2,-37.802,145.042
612,2016/01/24,0,-37.802,145.042
613,2016/01/25,3,-37.802,145.042
614,2016/01/28,2,-37.802,145.042
615,2016/01/30,2,-37.802,145.042
616,2016/01/31,2,-37.802,145.042
617,2016/02/01,2,-37.802,145.042
618,2016/02/02,1,-37.802,145.042
619,2016/02/03,0,-37.802,145.042
620,2016/02/04,1,-37.802,145.042
621,2016/02/05,1,-37.802,145.042
622,2016/02/06,3,-37.802,145.042
623,2016/02/07,0,-37.802,145.042
624,2016/02/08,1,-37.802,145.042
625,2016/02/09,3,-37.802,145.042
626,2016/02/11,0,-37.802,145.042
627,2016/02/12,0,-37.802,145.042
628,2016/02/13,1,-37.802,145.042
629,2016/02/14,3,-37.802,145.042
630,2016/02/15,1,-37.802,145.042
631,2016/02/16,2,-37.802,145.042
632,2016/02/19,0,-37.802,145.042
633,2016/02/20,1,-37.802,145.042
634,2016/02/21,2,-37.802,145.042
635,2016/02/22,2,-37.802,145.042
636,2016/02/23,3,-37.802,145.042
637,2016/02/25,2,-37.802,145.042
638,2016/02/27,0,-37.802,145.042
639,2016/02/28,2,-37.802,145.042
640,2016/02/29,1,-37.802,145.042
641,2016/03/01,0,-37.802,145.042
642,2016/03/03,1,-37.802,145.042
643,2016/03/04,1,-37.802,145.042
644,2016/03/05,2,-37.802,145.042
645,2016/03/06,1,-37.802,145.042
646,2016/03/07,2,-37.802,145.042
647,2016/03/08,0,-37.802,145.042
648,2016/03/09,1,-37.802,145.042
649,2016/03/10,1,-37.802,145.042
650,2016/03/11,2,-37.802,145.042
651,2016/03/12,3,-37.802,145.042
652,2016/03/13,2,-37.802,145.042
653,2016/03/14,1,-37.802,145.042
654,2016/03/15,0,-37.802,145.042
655,2016/03/17,0,-37.802,145.042
656,2016/03/18,2,-37.802,145.042
657,2016/03/19,2,-37.802,145.042
658,2016/03/20,1,-37.802,145.042
659,2016/03/21,3,-37.802,145.042
660,2016/03/22,0,-37.802,145.042
661,2016/03/24,3,-37.802,145.042
662,2016/03/25,3,-37.802,145.042
663,2016/03/26,1,-37.802,145.042
664,2016/03/27,0,-37.802,145.042
665,2016/03/28,3,-37.802,145.042
666,2016/03/29,1,-37.802,145.042
667,2016/03/30,0,-37.802,145.042
668,2016/03/31,3,-37.802,145.042
669,2016/04/01,3,-37.802,145.042
670,2016/04/02,1,-37.802,145.042
671,2016/04/03,2,-37.802,145.042
672,2016/04/04,2,-37.802,145.042
673,2016/04/05,1,-37.802,145.042
674,2016/04/06,3,-37.802,145.042
675,2016/04/07,1,-37.802,145.042
676,2016/04/08,2,-37.802,145.042
677,2016/04/09,0,-37.802,145.042
678,2016/04/10,2,-37.802,145.042
679,2016/04/12,0,-37.802,145.042
680,2016/04/13,0,-37.802,145.042
681,2016/04/14,3,-37.802,145.042
682,2016/04/15,3,-37.802,145.042
683,2016/04/16,0,-37.802,145.042
684,2016/04/17,2,-37.802,145.042
685,2016/04/18,2,-37.802,145.042
686,2016/04/19,2,-37.802,145.042
687,2016/04/21,3,-37.802,145.042
688,2016/04/22,0,-37.802,145.042
689,2016/04/23,3,-37.802,145.042
690,2016/04/24,2,-37.802,145.042
691,2016/04/25,0,-37.802,145.042
692,2016/04/26,1,-37.802,145.042
693,2016/04/28,2,-37.802,145.042
694,2016/04/30,1,-37.802,145.042
695,2016/05/01,3,-37.802,145.042
696,2016/05/02,1,-37.802,145.042
697,2016/05/03,3,-37.802,145.042
698,2016/05/05,3,-37.802,145.042
699,2016/05/06,0,-37.802,145.042
700,2016/05/07,2,-37.802,145.042
701,2016/05/08,0,-37.802,145.042
702,2016/05/09,1,-37.802,145.042
703,2016/05/10,1,-37.802,145.042
704,2016/05/11,2,-37.802,145.042
705,2016/05/12,3,-37.802,145.042
706,2016/05/14,3,-37.802,145.042
707,2016/05/15,1,-37.802,145.042
708,2016/05/16,0,-37.802,145.042
709,2016/05/17,0,-37.802,145.042
710,2016/05/18,2,-37.802,145.042
711,2016/05/19,1,-37.802,145.042
712,2016/05/20,3,-37.802,145.042
713,2016/05/21,0,-37.802,145.042
714,2016/05/22,2,-37.802,145.042
715,2016/05/23,0,-37.802,145.042
716,2016/05/24,1,-37.802,145.042
717,2016/05/25,2,-37.802,145.042
718,2016/05/26,2,-37.802,145.042
719,2016/05/27,1,-37.802,145.042
720,2016/05/28,3,-37.802,145.042
721,2016/05/29,0,-37.802,145.042
722,2016/05/30,3,-37.802,145.042
723,2016/05/31,1,-37.802,145.042
724,2016/06/02,3,-37.802,145.042
725,2016/06/03,2,-37.802,145.042
726,2016/06/04,3,-37.802,145.042
727,2016/06/05,3,-37.802,145.042
728,2016/06/06,2,-37.802,145.042
729,2016/06/07,2,-37.802,145.042
730,2016/06/09,3,-37.802,145.042
731,2016/06/10,1,-37.802,145.042
732,2016/06/11,0,-37.802,145.042
733,2016/06/12,1,-37.802,145.042
734,2016/06/13,2,-37.802,145.042
735,2016/06/14,3,-37.802,145.042
736,2016/06/15,1,-37.802,145.042
737,2016/06/16,1,-37.802,145.042
738,2016/06/17,2,-37.802,145.042
739,2016/06/18,0,-37.802,145.042
740,2016/06/19,0,-37.802,145.042
741,2016/06/20,2,-37.802,145.042
742,2016/06/21,3,-37.802,145.042
743,2016/06/23,3,-37.802,145.042
744,2016/06/24,0,-37.802,145.042
745,2016/06/25,0,-37.802,145.042
746,2016/06/26,3,-37.802,145.042
747,2016/06/27,0,-37.802,145.042
748,2016/06/28,0,-37.802,145.042
749,2016/06/29,2,-37.802,145.042
750,2016/06/30,3,-37.802,145.042
751,2016/07/01,1,-37.802,145.042
752,2016/07/02,0,-37.802,145.042
753,2016/07/03,0,-37.802,145.042
754,2016/07/04,0,-37.802,145.042
755,2016/07/07,1,-37.802,145.042
756,2016/07/08,0,-37.802,145.042
757,2016/07/09,3,-37.802,145.042
758,2016/07/10,2,-37.802,145.042
759,2016/07/12,3,-37.802,145.042
760,2016/07/14,0,-37.802,145.042
761,2016/07/15,1,-37.802,145.042
762,2016/07/16,1,-37.802,145.042
763,2016/07/17,2,-37.802,145.042
764,2016/07/18,0,-37.802,145.042
765,2016/07/19,1,-37.802,145.042
766,2016/07/20,0,-37.802,145.042
767,2016/07/21,0,-37.802,145.042
768,2016/07/22,0,-37.802,145.042
769,2016/07/23,1,-37.802,145.042
770,2016/07/24,2,-37.802,145.042
771,2016/07/25,3,-37.802,145.042
772,2016/07/28,0,-37.802,145.042
773,2016/07/29,3,-37.802,145.042
774,2016/07/30,2,-37.802,145.042
775,2016/07/31,1,-37.802,145.042
776,2016/08/01,0,-37.802,145.042
777,2016/08/02,2,-37.802,145.042
778,2016/08/03,0,-37.802,145.042
779,2016/08/04,3,-37.802,145.042
780,2016/08/05,2,-37.802,145.042
781,2016/08/06,0,-37.802,145.042
782,2016/08/07,1,-37.802,145.042
783,2016/08/08,3,-37.802,145.042
784,2016/08/09,2,-37.802,145.042
785,2016/08/11,2,-37.802,145.042
786,2016/08/12,1,-37.802,145.042
787,2016/08/13,0,-37.802,145.042
788,2016/08/14,0,-37.802,145.042
789,2016/08/15,0,-37.802,145.042
790,2016/08/16,0,-37.802,145.042
791,2016/08/17,2,-37.802,145.042
792,2016/08/18,2,-37.802,145.042
793,2016/08/19,3,-37.802,145.042
794,2016/08/20,0,-37.802,145.042
795,2016/08/21,1,-37.802,145.042
796,2016/08/22,0,-37.802,145.042
797,2016/08/23,2,-37.802,145.042
798,2016/08/26,3,-37.802,145.042
799,2016/08/27,2,-37.802,145.042
800,2016/08/28,3,-37.802,145.042
801,2016/08/29,0,-37.802,145.042
802,2016/08/30,0,-37.802,145.042
803,2016/08/31,3,-37.802,145.042
804,2016/09/01,0,-37.802,145.042
805,2016/09/02,0,-37.802,145.042
806,2016/09/03,3,-37.802,145.042
807,2016/09/04,0,-37.802,145.042
808,2016/09/05,2,-37.802,145.042
809,2016/09/06,0,-37.802,145.042
810,2016/09/08,0,-37.802,145.042
811,2016/09/09,2,-37.802,145.042
812,2016/09/10,1,-37.802,145.042
813,2016/09/11,0,-37.802,145.042
814,2016/09/12,3,-37.802,145.042
815,2016/09/13,3,-37.802,145.042
816,2016/09/14,2,-37.802,145.042
817,2016/09/15,2,-37.802,145.042
818,2016/09/16,0,-37.802,145.042
819,2016/09/17,1,-37.802,145.042
820,2016/09/18,3,-37.802,145.042
821,2016/09/19,3,-37.802,145.042
822,2016/09/20,0,-37.802,145.042
823,2016/09/22,1,-37.802,145.042
824,2016/09/23,2,-37.802,145.042
825,2016/09/24,1,-37.802,145.042
826,2016/09/25,1,-37.802,145.042
827,2016/09/26,2,-37.802,145.042
828,2016/09/27,3,-37.802,145.042
829,2016/09/28,2,-37.802,145.042
830,2016/09/29,3,-37.802,145.042
831,2016/09/30,2,-37.802,145.042
832,2016/10/01,0,-37.802,145.042
833,2016/10/02,0,-37.802,145.042
834,2016/10/03,3,-37.802,145.042
835,2016/10/04,3,-37.802,145.042
836,2016/10/06,3,-37.802,145.042
837,2016/10/07,0,-37.802,145.042
838,2016/10/08,0,-37.802,145.042
839,2016/10/09,3,-37.802,145.042
840,2016/10/10,3,-37.802,145.042
841,2016/10/11,2,-37.802,145.042
842,2016/10/13,2,-37.802,145.042
843,2016/10/14,1,-37.802,145.042
844,2016/10/15,0,-37.802,145.042
845,2016/10/16,2,-37.802,145.042
846,2016/10/17,1,-37.802,145.042
847,2016/10/18,0,-37.802,145.042
848,2016/10/20,1,-37.802,145.042
849,2016/10/21,2,-37.802,145.042
850,2016/10/22,2,-37.802,145.042
851,2016/10/23,2,-37.802,145.042
852,2016/10/24,2,-37.802,145.042
853,2016/10/25,2,-37.802,145.042
854,2016/10/27,1,-37.802,145.042
855,2016/10/28,0,-37.802,145.042
856,2016/10/29,0,-37.802,145.042
857,2016/10/30,3,-37.802,145.042
858,2016/10/31,0,-37.802,145.042
859,2016/11/01,3,-37.802,145.042
860,2016/11/03,1,-37.802,145.042
861,2016/11/04,0,-37.802,145.042
862,2016/11/05,1,-37.802,145.042
863,2016/11/06,3,-37.802,145.042
864,2016/11/07,3,-37.802,145.042
865,2016/11/08,3,-37.802,145.042
866,2016/11/09,2,-37.802,145.042
867,2016/11/10,3,-37.802,145.042
868,2016/11/11,0,-37.802,145.042
869,2016/11/12,0,-37.802,145.042
870,2016/11/13,1,-37.802,145.042
871,2016/11/14,2,-37.802,145.042
872,2016/11/15,0,-37.802,145.042
873,2016/11/16,0,-37.802,145.042
874,2016/11/17,2,-37.802,145.042
875,2016/11/18,0,-37.802,145.042
876,2016/11/19,3,-37.802,145.042
877,2016/11/20,3,-37.802,145.042
878,2016/11/21,0,-37.802,145.042
879,2016/11/22,1,-37.802,145.042
880,2016/11/23,1,-37.802,145.042
881,2016/11/24,1,-37.802,145.042
882,2016/11/25,3,-37.802,145.042
883,2016/11/26,1,-37.802,145.042
884,2016/11/27,3,-37.802,145.042
885,2016/11/28,3,-37.802,145.042
886,2016/11/29,2,-37.802,145.042
887,2016/11/30,0,-37.802,145.042
888,2016/12/01,3,-37.802,145.042
889,2016/12/02,2,-37.802,145.042
890,2016/12/03,0,-37.802,145.042
891,2016/12/04,1,-37.802,145.042
892,2016/12/05,2,-37.802,145.042
893,2016/12/06,2,-37.802,145.042
894,2016/12/08,1,-37.802,145.042
895,2016/12/09,1,-37.802,145.042
896,2016/12/10,3,-37.802,145.042
897,2016/12/11,0,-37.802,145.042
898,2016/12/12,3,-37.802,145.042
899,2016/12/13,0,-37.802,145.042
900,2016/12/14,2,-37.802,145.042
901,2016/12/15,3,-37.802,145.042
902,2016/12/16,2,-37.802,145.042
903,2016/12/17,0,-37.802,145.042
904,2016/12/18,2,-37.802,145.042
905,2016/12/19,3,-37.802,145.042
906,2016/12/20,1,-37.802,145.042
907,2016/12/22,1,-37.802,145.042
908,2016/12/23,3,-37.802,145.042
909,2016/12/24,2,-37.802,145.042
910,2016/12/25,1,-37.802,145.042
911,2016/12/26,0,-37.802,145.042
912,2016/12/27,2,-37.802,145.042
913,2016/12/29,3,-37.802,145.042
914,2016/12/30,0,-37.802,145.042
915,2016/12/31,2,-37.802,145.042
916,2017/01/01,0,-37.802,145.042
917,2017/01/02,1,-37.802,145.042
918,2017/01/03,0,-37.802,145.042
919,2017/01/06,1,-37.802,145.042
920,2017/01/07,1,-37.802,145.042
921,2017/01/08,0,-37.802,145.042
922,2017/01/09,0,-37.802,145.042
923,2017/01/12,1,-37.802,145.042
924,2017/01/13,2,-37.802,145.042
925,2017/01/14,0,-37.802,145.042
926,2017/01/15,1,-37.802,145.042
927,2017/01/16,2,-37.802,145.042
928,2017/01/19,0,-37.802,145.042
929,2017/01/20,2,-37.802,145.042
930,2017/01/21,0,-37.802,145.042
931,2017/01/22,1,-37.802,145.042
932,2017/01/23,3,-37.802,145.042
933,2017/01/24,3,-37.802,145.042
934,2017/01/26,3,-37.802,145.042
935,2017/01/27,2,-37.802,145.042
936,2017/01/28,2,-37.802,145.042
937,2017/01/29,2,-37.802,145.042
938,2017/01/30,1,-37.802,145.042
939,2017/02/02,1,-37.802,145.042
940,2017/02/03,3,-37.802,145.042
941,2017/02/04,3,-37.802,145.042
942,2017/02/05,1,-37.802,145.042
943,2017/02/06,3,-37.802,145.042
944,2017/02/09,1,-37.802,145.042
945,2017/02/10,1,-37.802,145.042
946,2017/02/11,1,-37.802,145.042
947,2017/02/13,0,-37.802,145.042
948,2017/02/16,1,-37.802,145.042
949,2017/02/17,0,-37.802,145.042
950,2017/02/18,3,-37.802,145.042
951,2017/02/19,2,-37.802,145.042
952,2017/02/20,1,-37.802,145.042
953,2017/02/21,1,-37.802,145.042
954,2017/02/23,0,-37.802,145.042
955,2017/02/24,3,-37.802,145.042
956,2017/02/25,0,-37.802,145.042
957,2017/02/26,3,-37.802,145.042
958,2017/02/28,1,-37.802,145.042
959,2017/03/02,1,-37.802,145.042
960,2017/03/03,3,-37.802,145.042
961,2017/03/04,3,-37.802,145.042
962,2017/03/05,2,-37.802,145.042
963,2017/03/06,1,-37.802,145.042
964,2017/03/07,2,-37.802,145.042
965,2017/03/08,0,-37.802,145.042
966,2017/03/09,1,-37.802,145.042
967,2017/03/10,0,-37.802,145.042
968,2017/03/11,2,-37.802,145.042
969,2017/03/12,0,-37.802,145.042
970,2017/03/13,2,-37.802,145.042
971,2017/03/14,1,-37.802,145.042
972,2017/03/16,1,-37.802,145.042
973,2017/03/17,3,-37.802,145.042
974,2017/03/18,3,-37.802,145.042
975,2017/03/19,2,-37.802,145.042
976,2017/03/20,1,-37.802,145.042
977,2017/03/21,1,-37.802,145.042
978,2017/03/23,3,-37.802,145.042
979,2017/03/24,0,-37.802,145.042
980,2017/03/25,2,-37.802,145.042
981,2017/03/26,2,-37.802,145.042
982,2017/03/27,0,-37.802,145.042
983,2017/03/28,1,-37.802,145.042
984,2017/03/29,2,-37.802,145.042
985,2017/03/30,1,-37.802,145.042
986,2017/03/31,1,-37.802,145.042
987,2017/04/01,0,-37.802,145.042
988,2017/04/02,0,-37.802,145.042
989,2017/04/03,3,-37.802,145.042
990,2017/04/04,0,-37.802,145.042
991,2017/04/06,0,-37.802,145.042
992,2017/04/07,0,-37.802,145.042
993,2017/04/08,0,-37.802,145.042
994,2017/04/09,1,-37.802,145.042
995,2017/04/10,3,-37.802,145.042
996,2017/04/11,0,-37.802,145.042
997,2017/04/12,2,-37.802,145.042
998,2017/04/13,2,-37.802,145.042
999,2017/04/14,1,-37.802,145.042
1000,2017/04/15,1,-37.802,145.042
1001,2017/04/16,0,-37.802,145.042
1002,2017/04/17,3,-37.802,145.042
1003,2017/04/20,1,-37.802,145.042
1004,2017/04/21,2,-37.802,145.042
1005,2017/04/22,3,-37.802,145.042
1006,2017/04/23,3,-37.802,145.042
1007,2017/04/24,2,-37.802,145.042
1008,2017/04/25,1,-37.802,145.042
1009,2017/04/26,1,-37.802,145.042
1010,2017/04/27,0,-37.802,145.042
1011,2017/04/28,0,-37.802,145.042
1012,2017/04/29,3,-37.802,145.042
1013,2017/04/30,1,-37.802,145.042
1014,2017/05/01,1,-37.802,145.042
1015,2017/05/02,3,-37.802,145.042
1016,2017/05/03,0,-37.802,145.042
1017,2017/05/04,1,-37.802,145.042
1018,2017/05/05,1,-37.802,145.042
1019,2017/05/06,2,-37.802,145.042
1020,2017/05/07,2,-37.802,145.042
1021,2017/05/08,3,-37.802,145.042
1022,2017/05/09,2,-37.802,145.042
1023,2017/05/11,2,-37.802,145.042
1024,2017/05/12,1,-37.802,145.042
1025,2017/05/13,1,-37.802,145.042
1026,2017/05/14,1,-37.802,145.042
1027,2017/05/15,3,-37.802,145.042
1028,2017/05/16,3,-37.802,145.042
1029,2017/05/18,3,-37.802,145.042
1030,2017/05/19,2,-37.802,145.042
1031,2017/05/20,2,-37.802,145.042
1032,2017/05/21,2,-37.802,145.042
1033,2017/05/22,3,-37.802,145.042
1034,2017/05/23,1,-37.802,145.042
1035,2017/05/25,3,-37.802,145.042
1036,2017/05/26,2,-37.802,145.042
1037,2017/05/27,1,-37.802,145.042
1038,2017/05/28,0,-37.802,145.042
1039,2017/05/29,2,-37.802,145.042
1040,2017/05/30,2,-37.802,145.042
1041,2017/06/01,0,-37.802,145.042
1042,2017/06/02,0,-37.802,145.042
1043,2017/06/03,2,-37.802,145.042
1044,2017/06/04,3,-37.802,145.042
1045,2017/06/05,1,-37.802,145.042
1046,2017/06/06,3,-37.802,145.042
1047,2017/06/08,2,-37.802,145.042
1048,2017/06/09,0,-37.802,145.042
1049,2017/06/10,3,-37.802,145.042
1050,2017/06/11,0,-37.802,145.042
1051,2017/06/12,0,-37.802,145.042
1052,2017/06/13,3,-37.802,145.042
1053,2017/06/15,1,-37.802,145.042
1054,2017/06/16,0,-37.802,145.042
1055,2017/06/17,2,-37.802,145.042
1056,2017/06/18,0,-37.802,145.042
1057,2017/06/19,0,-37.802,145.042
1058,2017/06/20,0,-37.802,145.042
1059,2017/06/21,1,-37.802,145.042
1060,2017/06/22,0,-37.802,145.042
1061,2017/06/24,1,-37.802,145.042
1062,2017/06/25,0,-37.802,145.042
1063,2017/06/26,0,-37.802,145.042
1064,2017/06/27,2,-37.802,145.042
1065,2017/06/29,1,-37.802,145.042
1066,2017/06/30,0,-37.802,145.042
1067,2017/07/01,2,-37.802,145.042
1068,2017/07/02,2,-37.802,145.042
1069,2017/07/03,2,-37.802,145.042
1070,2017/07/05,3,-37.802,145.042
1071,2017/07/06,3,-37.802,145.042
1072,2017/07/07,0,-37.802,145.042
1073,2017/07/08,2,-37.802,145.042
1074,2017/07/09,1,-37.802,145.042
1075,2017/07/10,1,-37.802,145.042
1076,2017/07/11,0,-37.802,145.042
1077,2017/07/12,1,-37.802,145.042
1078,2017/07/13,0,-37.802,145.042
1079,2017/07/14,0,-37.802,145.042
1080,2017/07/15,3,-37.802,145.042
1081,2017/07/16,3,-37.802,145.042
1082,2017/07/17,0,-37.802,145.042
1083,2017/07/18,3,-37.802,145.042
1084,2017/07/20,0,-37.802,145.042
1085,2017/07/21,0,-37.802,145.042
1086,2017/07/22,1,-37.802,145.042
1087,2017/07/23,1,-37.802,145.042
1088,2017/07/24,1,-37.802,145.042
1089,2017/07/25,3,-37.802,145.042
1090,2017/07/26,2,-37.802,145.042
1091,2017/07/27,1,-37.802,145.042
1092,2017/07/28,0,-37.802,145.042
1093,2017/07/29,3,-37.802,145.042
1094,2017/07/30,2,-37.802,145.042
1095,2017/07/31,2,-37.802,145.042
1096,2017/08/01,2,-37.802,145.042
1097,2017/08/03,3,-37.802,145.042
1098,2017/08/04,3,-37.802,145.042
1099,2017/08/05,0,-37.802,145.042
1100,2017/08/06,0,-37.802,145.042
1101,2017/08/07,0,-37.802,145.042
1102,2017/08/10,2,-37.802,145.042
1103,2017/08/11,2,-37.802,145.042
1104,2017/08/12,3,-37.802,145.042
1105,2017/08/13,1,-37.802,145.042
1106,2017/08/14,2,-37.802,145.042
1107,2017/08/15,2,-37.802,145.042
1108,2017/08/16,3,-37.802,145.042
1109,2017/08/17,0,-37.802,145.042
1110,2017/08/18,0,-37.802,145.042
1111,2017/08/19,2,-37.802,145.042
1112,2017/08/20,3,-37.802,145.042
1113,2017/08/21,0,-37.802,145.042
1114,2017/08/22,0,-37.802,145.042
1115,2017/08/23,3,-37.802,145.042
1116,2017/08/24,2,-37.802,145.042
1117,2017/08/25,3,-37.802,145.042
1118,2017/08/26,3,-37.802,145.042
1119,2017/08/27,2,-37.802,145.042
1120,2017/08/28,0,-37.802,145.042
1121,2017/08/29,1,-37.802,145.042
1122,2017/08/31,0,-37.802,145.042
1123,2017/09/01,0,-37.802,145.042
1124,2017/09/02,3,-37.802,145.042
1125,2017/09/03,0,-37.802,145.042
1126,2017/09/04,1,-37.802,145.042
1127,2017/09/05,1,-37.802,145.042
1128,2017/09/07,3,-37.802,145.042
1129,2017/09/08,0,-37.802,145.042
1130,2017/09/09,1,-37.802,145.042
1131,2017/09/10,3,-37.802,145.042
1132,2017/09/11,0,-37.802,145.042
1133,2017/09/12,1,-37.802,145.042
1134,2017/09/13,3,-37.802,145.042
1135,2017/09/14,3,-37.802,145.042
1136,2017/09/15,2,-37.802,145.042
1137,2017/09/16,1,-37.802,145.042
1138,2017/09/17,2,-37.802,145.042
1139,2017/09/18,0,-37.802,145.042
1140,2017/09/19,0,-37.802,145.042
1141,2017/09/20,1,-37.802,145.042
1142,2017/09/21,0,-37.802,145.042
1143,2017/09/22,1,-37.802,145.042
1144,2017/09/23,3,-37.802,145.042
1145,2017/09/24,0,-37.802,145.042
1146,2017/09/25,0,-37.802,145.042
1147,2017/09/26,1,-37.802,145.042
1148,2017/09/28,2,-37.802,145.042
1149,2017/09/29,0,-37.802,145.042
1150,2017/09/30,0,-37.802,145.042
1151,2017/10/01,2,-37.802,145.042
1152,2017/10/02,0,-37.802,145.042
1153,2017/10/03,1,-37.802,145.042
1154,2017/10/04,1,-37.802,145.042
1155,2017/10/05,1,-37.802,145.042
1156,2017/10/06,0,-37.802,145.042
1157,2017/10/07,0,-37.802,145.042
1158,2017/10/08,3,-37.802,145.042
1159,2017/10/09,1,-37.802,145.042
1160,2017/10/10,1,-37.802,145.042
1161,2017/10/12,3,-37.802,145.042
1162,2017/10/13,2,-37.802,145.042
1163,2017/10/14,3,-37.802,145.042
1164,2017/10/15,3,-37.802,145.042
1165,2017/10/16,0,-37.802,145.042
1166,2017/10/17,3,-37.802,145.042
1167,2017/10/19,0,-37.802,145.042
1168,2017/10/20,1,-37.802,145.042
1169,2017/10/21,1,-37.802,145.042
1170,2017/10/22,0,-37.802,145.042
1171,2017/10/23,2,-37.802,145.042
1172,2017/10/24,0,-37.802,145.042
1173,2017/10/26,0,-37.802,145.042
1174,2017/10/27,1,-37.802,145.042
1175,2017/10/28,3,-37.802,145.042
1176,2017/10/29,0,-37.802,145.042
1177,2017/10/30,2,-37.802,145.042
1178,2017/10/31,1,-37.802,145.042
1179,2017/11/01,0,-37.802,145.042
1180,2017/11/02,3,-37.802,145.042
1181,2017/11/03,0,-37.802,145.042
1182,2017/11/04,2,-37.802,145.042
1183,2017/11/05,3,-37.802,145.042
1184,2017/11/06,1,-37.802,145.042
1185,2017/11/07,1,-37.802,145.042
1186,2017/11/08,2,-37.802,145.042
1187,2017/11/09,2,-37.802,145.042
1188,2017/11/10,2,-37.802,145.042
1189,2017/11/11,1,-37.802,145.042
1190,2017/11/12,1,-37.802,145.042
1191,2017/11/13,0,-37.802,145.042
1192,2017/11/14,3,-37.802,145.042
1193,2017/11/15,0,-37.802,145.042
1194,2017/11/16,2,-37.802,145.042
1195,2017/11/17,2,-37.802,145.042
1196,2017/11/18,3,-37.802,145.042
1197,2017/11/19,0,-37.802,145.042
1198,2017/11/20,1,-37.802,145.042
1199,2017/11/21,3,-37.802,145.042
1200,2017/11/22,0,-37.802,145.042
1201,2017/11/23,0,-37.802,145.042
1202,2017/11/24,2,-37.802,145.042
1203,2017/11/25,3,-37.802,145.042
1204,2017/11/26,3,-37.802,145.042
1205,2017/11/27,3,-37.802,145.042
1206,2017/11/28,2,-37.802,145.042
1207,2017/11/29,2,-37.802,145.042
1208,2017/11/30,2,-37.802,145.042
1209,2017/12/01,2,-37.802,145.042
1210,2017/12/02,3,-37.802,145.042
1211,2017/12/03,1,-37.802,145.042
1212,2017/12/04,0,-37.802,145.042
1213,2017/12/05,3,-37.802,145.042
1214,2017/12/06,3,-37.802,145.042
1215,2017/12/07,3,-37.802,145.042
1216,2017/12/08,2,-37.802,145.042
1217,2017/12/09,1,-37.802,145.042
1218,2017/12/10,1,-37.802,145.042
1219,2017/12/11,1,-37.802,145.042
1220,2017/12/13,1,-37.802,145.042
1221,2017/12/14,2,-37.802,145.042
1222,2017/12/15,0,-37.802,145.042
1223,2017/12/16,3,-37.802,145.042
1224,2017/12/17,3,-37.802,145.042
1225,2017/12/18,1,-37.802,145.042
1226,2017/12/19,0,-37.802,145.042
1227,2017/12/20,2,-37.802,145.042
1228,2017/12/21,0,-37.802,145.042
1229,2017/12/22,3,-37.802,145.042
1230,2017/12/23,3,-37.802,145.042
1231,2017/12/24,1,-37.802,145.042
1232,2017/12/25,2,-37.802,145.042
1233,2017/12/26,3,-37.802,145.042
1234,2017/12/27,1,-37.802,145.042
1235,2017/12/28,3,-37.802,145.042
1236,2017/12/29,1,-37.802,145.042
1237,2017/12/30,2,-37.802,145.042
